Workbook

Sheet Dashboard & Summary
A1: Demoblaze Manual Testing Project Dashboard
A4: PROJECT METRICS | D4: MODULE WISE TEST COVERAGE & RESULTS
A5: Total Requirements | B5: =COUNTA(Requirements_RTM!A4:A9) | D5: Module | E5: Total TCs | F5: Passed | G5: Failed
A6: Total Test Cases | B6: =COUNTA(Test_Cases!A4:A31) | D6: Navigation | E6: =COUNTIF(Test_Cases!B4:B31, "Navigation") | F6: =COUNTIFS(Test_Cases!B4:B31, "Navigation", Test_Execution!D4:D31, "PASS") | G6: =COUNTIFS(Test_Cases!B4:B31, "Navigation", Test_Execution!D4:D31, "FAIL")
A7: Executed Test Cases | B7: =COUNTA(Test_Execution!A4:A31) | D7: User Auth | E7: =COUNTIF(Test_Cases!B4:B31, "User Auth") | F7: =COUNTIFS(Test_Cases!B4:B31, "User Auth", Test_Execution!D4:D31, "PASS") | G7: =COUNTIFS(Test_Cases!B4:B31, "User Auth", Test_Execution!D4:D31, "FAIL")
A8: Pass Count | B8: =COUNTIF(Test_Execution!D4:D31, "PASS") | D8: Catalog | E8: =COUNTIF(Test_Cases!B4:B31, "Catalog") | F8: =COUNTIFS(Test_Cases!B4:B31, "Catalog", Test_Execution!D4:D31, "PASS") | G8: =COUNTIFS(Test_Cases!B4:B31, "Catalog", Test_Execution!D4:D31, "FAIL")
A9: Fail Count | B9: =COUNTIF(Test_Execution!D4:D31, "FAIL") | D9: Cart | E9: =COUNTIF(Test_Cases!B4:B31, "Cart") | F9: =COUNTIFS(Test_Cases!B4:B31, "Cart", Test_Execution!D4:D31, "PASS") | G9: =COUNTIFS(Test_Cases!B4:B31, "Cart", Test_Execution!D4:D31, "FAIL")
A10: Pass Percentage | B10: =B8/B7 | D10: Checkout | E10: =COUNTIF(Test_Cases!B4:B31, "Checkout") | F10: =COUNTIFS(Test_Cases!B4:B31, "Checkout", Test_Execution!D4:D31, "PASS") | G10: =COUNTIFS(Test_Cases!B4:B31, "Checkout", Test_Execution!D4:D31, "FAIL")
A11: Total Defects Logged | B11: =COUNTA(Defect_Log!A4:A6)

Sheet Test_Plan
A1: SOFTWARE TEST PLAN - DEMOBLAZE WEB APPLICATION
A3: 1. Document Details
A4: Project Name | B4: Demoblaze Comprehensive Manual & Defect Discovery Testing
A5: Application URL | B5: https://www.demoblaze.com
A6: Author / QA Lead | B6: Shravani Salunkhe
A7: Version | B7: 0.1
A8: Date | B8: October 2026
A10: 2. Objective & Strategy
A11: Objective | B11: To evaluate end-to-end functionality of Demoblaze web application, validate client-side input rules, identify defect risks in contact, cart, and checkout flows, and establish an automation locator baseline.
A12: Testing Strategy | B12: Black-box manual testing using Boundary Value Analysis (BVA), Equivalence Partitioning (EP), and Negative Scenarios. Every test case is enriched with explicit locator tags for Selenium automation mapping.
A14: 3. Scope of Testing
A15: In Scope | B15: 1. Navigation & Contact Modal Validation (Email Requirement Verification) 2. User Authentication (Signup / Login / Logout) 3. Product Catalog Navigation & Category Filtering 4. Shopping Cart CRUD Operations & Empty Cart Checkout Prevention 5. Place Order Workflow & Credit Card / Date Input Type Validation
A16: Out of Scope | B16: 1. Backend Server-side Performance under traffic stress 2. Real Credit Card Banking API Integration (Mock dialogs only)

Sheet Requirements_RTM
A1: REQUIREMENT TRACEABILITY MATRIX (RTM)
A3: Requirement ID | B3: Module / Feature | C3: Requirement Description | D3: Mapped Test Case ID(s) | E3: Coverage Status
A4: REQ-01 | B4: Navigation & Contact | C4: Web application should support navigation and enforce mandatory contact email validation upon submitting contact messages. | D4: TC_NAV_001 to TC_NAV_005 | E4: Covered (1 Defect)
A5: REQ-02 | B5: User Auth - Signup | C5: User registration should handle valid credentials, duplicate username checking, and password masking. | D5: TC_AUTH_001 to TC_AUTH_005 | E5: Covered
A6: REQ-03 | B6: User Auth - Session | C6: User login and logout mechanism with valid credentials and error alert feedback. | D6: TC_AUTH_006 to TC_AUTH_010 | E6: Covered
A7: REQ-04 | B7: Catalog | C7: Product catalog filtering by categories (Phones, Laptops, Monitors) and detail page views. | D7: TC_CAT_001 to TC_CAT_005 | E7: Covered
A8: REQ-05 | B8: Cart & Checkout | C8: Shopping cart management and prevention of placing orders when the cart is completely empty ($0). | D8: TC_CART_001 to TC_CART_004, TC_CHK_004 | E8: Covered (1 Defect)
A9: REQ-06 | B9: Checkout Payment Validation | C9: Order purchase workflow requiring valid numeric credit card digits and proper date format before completing order. | D9: TC_CHK_001 to TC_CHK_003 | E9: Covered (1 Defect)

Sheet Test_Scenarios
A1: HIGH-LEVEL TEST SCENARIOS SPECIFICATION
A3: Scenario ID | B3: Module | C3: Test Scenario Description | D3: Testing Type | E3: Priority | F3: Mapped Test Case ID(s)
A4: TS_NAV_001 | B4: Navigation | C4: Verify main navigation header links, logo, and brand redirection | D4: UI / Functional | E4: Low | F4: TC_NAV_001, TC_NAV_002
A5: TS_NAV_002 | B5: Navigation | C5: Verify Contact modal loading, form submission, and mandatory field validation | D5: Functional / Negative | E5: Medium | F5: TC_NAV_003, TC_NAV_004
A6: TS_NAV_003 | B6: Navigation | C6: Verify About Us video modal dialog rendering and playback controls | D6: UI / Functional | E6: Low | F6: TC_NAV_005
A7: TS_AUTH_001 | B7: User Auth | C7: Verify user signup functionality with valid, duplicate, and empty inputs | D7: Functional / Negative | E7: High | F7: TC_AUTH_001, TC_AUTH_002, TC_AUTH_003
A8: TS_AUTH_002 | B8: User Auth | C8: Verify signup modal user interface controls and password input masking | D8: UI Verification | E8: Low | F8: TC_AUTH_004, TC_AUTH_005
A9: TS_AUTH_003 | B9: User Auth | C9: Verify user login functionality with valid, invalid, non-existent, and empty credentials | D9: Functional / Negative | E9: Critical | F9: TC_AUTH_006, TC_AUTH_007, TC_AUTH_008, TC_AUTH_009
A10: TS_AUTH_004 | B10: User Auth | C10: Verify user session logout mechanism and header state update | D10: Functional | E10: Critical | F10: TC_AUTH_010
A11: TS_CAT_001 | B11: Catalog | C11: Verify homepage banner promotional carousel image navigation | D11: UI Verification | E11: Low | F11: TC_CAT_001
A12: TS_CAT_002 | B12: Catalog | C12: Verify product filtering by categories (Phones, Laptops, Monitors) | D12: Functional | E12: Medium | F12: TC_CAT_002, TC_CAT_003, TC_CAT_004
A13: TS_CAT_003 | B13: Catalog | C13: Verify product detail page display, pricing, and description loading | D13: Functional / UI | E13: High | F13: TC_CAT_005
A14: TS_CART_001 | B14: Cart | C14: Verify adding single and multiple products to shopping cart | D14: Functional | E14: Critical | F14: TC_CART_001, TC_CART_004
... A18: TS_CHK_003 | B18: Checkout | C18: Verify purchase order submission input field validation rules (Empty cart / Blank fields / Non-numeric text) | D18: Negative / Validation | E18: High | F18: TC_CHK_003, TC_CHK_004

Sheet Test_Cases
A1: MASTER TEST CASE SPECIFICATIONS (28 TEST CASES - AUTOMATION READY)
A3: Test Case ID | B3: Module | C3: Test Title | D3: Test Priority | E3: Pre-Conditions | F3: Test Steps | G3: Test Data | H3: Expected Result
A4: TC_NAV_001 | B4: Navigation | C4: Verify home page title and brand logo display | D4: Low | E4: Browser open | F4: 1. Navigate to https://www.demoblaze.com 2. Observe brand logo and page title. | G4: URL: demoblaze.com | H4: Page title is 'STORE' and brand logo 'PRODUCT STORE' is visible.
A5: TC_NAV_002 | B5: Navigation | C5: Verify 'Home' navbar link redirects to main page | D5: Low | E5: On Cart page | F5: 1. Click 'Home' link in navbar. | G5: N/A | H5: User is redirected to product catalog home page.
A6: TC_NAV_003 | B6: Navigation | C6: Verify 'Contact' modal opens and closes correctly | D6: Medium | E6: Home page open | F6: 1. Click 'Contact' in header. 2. Click 'Close' button in modal. | G6: N/A | H6: Contact modal opens with fields, then closes smoothly upon clicking Close.
A7: TC_NAV_004 | B7: Navigation | C7: Verify sending a contact message | D7: Medium | E7: Home page open | F7: 1. Click 'Contact'. 2. Fill Email, Name, Message. 3. Click 'Send message'. | G7: Email: test@qa.com Name: Shravani Msg: Hello Demoblaze | H7: Alert popup appears stating 'Thanks for the message!!'.
A8: TC_NAV_005 | B8: Navigation | C8: Verify 'About us' video modal plays and closes | D8: Low | E8: Home page open | F8: 1. Click 'About us' in header. 2. Verify video player exists. 3. Click Close. | G8: N/A | H8: Video modal pops up with video tag present, closes on Close click.
A9: TC_AUTH_001 | B9: User Auth | C9: Verify successful user registration with unique credentials | D9: High | E9: Home page open | F9: 1. Click 'Sign up'. 2. Enter new username. 3. Enter password. 4. Click 'Sign up' button. | G9: User: testuser_qa_201 Pass: Pass123! | H9: Alert displays 'Sign up successful.'
A10: TC_AUTH_002 | B10: User Auth | C10: Verify registration with existing username | D10: Medium | E10: Username exists | F10: 1. Click 'Sign up'. 2. Enter existing username. 3. Enter password. 4. Click 'Sign up'. | G10: User: testuser_qa_201 Pass: Pass123! | H10: Alert displays 'This user already exist.'
A11: TC_AUTH_003 | B11: User Auth | C11: Verify registration with blank username and password | D11: Medium | E11: Home page open | F11: 1. Click 'Sign up'. 2. Leave fields empty. 3. Click 'Sign up'. | G11: Blank username/password | H11: Validation alert should prompt for required credentials.
A12: TC_AUTH_004 | B12: User Auth | C12: Verify registration modal close button functionality | D12: Low | E12: Home page open | F12: 1. Click 'Sign up'. 2. Click 'Close' button. | G12: N/A | H12: Sign up modal closes without creating account.
A13: TC_AUTH_005 | B13: User Auth | C13: Verify registration password input masking | D13: Low | E13: Home page open | F13: 1. Click 'Sign up'. 2. Type password in Password field. | G13: Pass: Pass123! | H13: Password input text is masked (dots/asterisks).
A14: TC_AUTH_006 | B14: User Auth | C14: Verify successful login with valid credentials | D14: Critical | E14: User registered | F14: 1. Click 'Log in'. 2. Enter valid username. 3. Enter valid password. 4. Click 'Log in'. | G14: User: testuser_qa_201 Pass: Pass123! | H14: Modal closes, header updates to 'Welcome testuser_qa_201', 'Log out' button appears.
... A31: TC_CHK_004 | B31: Checkout | C31: Verify purchase confirmation modal 'OK' button resets cart | D31: Medium | E31: Order placed | F31: 1. On 'Thank you for your purchase!' modal, click 'OK' button. | G31: N/A | H31: Redirects to home page and cart is cleared.

Sheet Test_Execution
A1: TEST EXECUTION REPORT (REAL DEFECT DISCOVERY)
A3: Execution ID | B3: Test Case ID | C3: Executed By | D3: Status | E3: Execution Notes / Defect Ref
A4: EXEC_001 | B4: TC_NAV_001 | C4: Shravani Salunkhe | D4: PASS | E4: Verified successfully as expected.
A5: EXEC_002 | B5: TC_NAV_002 | C5: Shravani Salunkhe | D5: PASS | E5: Verified successfully as expected.
A6: EXEC_003 | B6: TC_NAV_003 | C6: Shravani Salunkhe | D6: PASS | E6: Verified successfully as expected.
A7: EXEC_004 | B7: TC_NAV_004 | C7: Shravani Salunkhe | D7: FAIL | E7: FAIL - Defect BUG_001: Contact message submits without email address.
A8: EXEC_005 | B8: TC_NAV_005 | C8: Shravani Salunkhe | D8: PASS | E8: Verified successfully as expected.
A9: EXEC_006 | B9: TC_AUTH_001 | C9: Shravani Salunkhe | D9: PASS | E9: Verified successfully as expected.
A10: EXEC_007 | B10: TC_AUTH_002 | C10: Shravani Salunkhe | D10: PASS | E10: Verified successfully as expected.
A11: EXEC_008 | B11: TC_AUTH_003 | C11: Shravani Salunkhe | D11: PASS | E11: Verified successfully as expected.
A12: EXEC_009 | B12: TC_AUTH_004 | C12: Shravani Salunkhe | D12: PASS | E12: Verified successfully as expected.
A13: EXEC_010 | B13: TC_AUTH_005 | C13: Shravani Salunkhe | D13: PASS | E13: Verified successfully as expected.
A14: EXEC_011 | B14: TC_AUTH_006 | C14: Shravani Salunkhe | D14: PASS | E14: Verified successfully as expected.
... A31: EXEC_028 | B31: TC_CHK_004 | C31: Shravani Salunkhe | D31: FAIL | E31: FAIL - Defect BUG_002: Empty cart allows Place Order and completes purchase.

Sheet Defect_Log
A1: DEFECT / BUG LOG
A3: Defect ID | B3: Defect Title | C3: Mapped TC ID | D3: Severity | E3: Priority | F3: Status | G3: Steps to Reproduce | H3: Expected vs Actual Result
A4: BUG_001 | B4: Contact message form submits successfully without requiring a valid email address | C4: TC_NAV_004 | D4: Medium | E4: Medium | F4: Open | G4: 1. Open Demoblaze home page. 2. Click 'Contact' in navigation header. 3. Leave 'Contact Email' field completely blank. 4. Type a message in 'Message' text area. 5. Click 'Send message' button. | H4: Expected: Validation alert requiring a valid contact email address before submission. Actual: Application displays 'Thanks for the message!!' alert and submits form without an email.
A5: BUG_002 | B5: Empty shopping cart allows clicking 'Place Order' and completes purchase with success modal | C5: TC_CHK_004 | D5: Critical | E5: High | F5: Open | G5: 1. Open Demoblaze in a fresh browser session with an empty cart ($0 total). 2. Navigate to 'Cart' page. 3. Click 'Place Order' button. 4. Enter Name and Credit Card in modal. 5. Click 'Purchase'. | H5: Expected: 'Place Order' button should be disabled, or alert 'Cart is empty' should prevent order submission. Actual: System opens purchase modal with Total: 0 and generates 'Thank you for your purchase!' modal for $0.
A6: BUG_003 | B6: Purchase order form accepts non-numeric text input in Credit Card, Month, and Year fields | C6: TC_CHK_002 | D6: High | E6: Medium | F6: Open | G6: 1. Add any product to cart and open Cart page. 2. Click 'Place Order' button. 3. Enter Name 'Shravani'. 4. Enter alphabetic text 'abcd' into Credit Card field and 'xyz' into Month/Year fields. 5. Click 'Purchase'. | H6: Expected: Form validation requiring numeric card digits and valid date format. Actual: Order completes successfully and displays confirmation modal containing invalid text strings.
